datetime,main_aqi,components_co,components_no,components_no2,components_o3,components_so2,components_pm2_5,components_pm10,components_nh3,temperature_2m,relative_humidity_2m,dew_point_2m,precipitation,surface_pressure,wind_speed_10m,wind_direction_10m,shortwave_radiation,city,hour,day,month,dayofweek,pm2_5_lag1,pm2_5_lag24
2024-11-28 23:00:00,5,5287.17,54.99,159.03,0.0,28.61,223.92,276.5,62.82,12.5,68.0,6.7,0.0,957.0,3.7,11.0,0,Islamabad,23,28,11,3,234.43,235.9
2024-11-29 00:00:00,5,4753.11,43.81,142.57,0.0,26.7,213.63,264.29,61.3,11.7,70.0,6.4,0.0,956.8,4.0,360.0,0,Islamabad,0,29,11,4,223.92,215.32
2024-11-29 01:00:00,5,4165.65,35.32,117.9,0.0,20.5,197.42,245.31,49.65,10.8,74.0,6.3,0.0,956.9,4.1,345.0,0,Islamabad,1,29,11,4,213.63,198.0
2024-11-29 02:00:00,5,4539.49,60.8,105.56,0.0,18.84,203.08,251.96,46.61,9.9,78.0,6.3,0.0,956.9,4.1,345.0,0,Islamabad,2,29,11,4,197.42,201.83
2024-11-29 03:00:00,5,6462.1,139.47,109.67,0.07,21.46,233.89,286.85,51.17,9.3,81.0,6.2,0.0,957.0,4.0,333.0,0,Islamabad,3,29,11,4,203.08,226.64
2024-11-29 04:00:00,5,8544.92,219.94,120.64,0.59,23.13,268.18,324.97,54.21,8.7,83.0,5.9,0.0,956.8,3.9,338.0,0,Islamabad,4,29,11,4,233.89,261.47
2024-11-29 05:00:00,5,9719.85,264.64,130.24,1.79,24.08,285.71,343.06,52.69,9.3,79.0,5.9,0.0,956.6,3.6,354.0,0,Islamabad,5,29,11,4,268.18,290.79
2024-11-29 06:00:00,5,10253.91,271.8,143.95,3.53,26.23,285.33,339.04,49.14,9.3,78.0,5.7,0.0,956.6,3.2,360.0,0,Islamabad,6,29,11,4,285.71,310.84
2024-11-29 07:00:00,5,2563.48,27.27,91.85,47.21,56.27,89.03,107.32,12.41,9.9,74.0,5.4,0.0,957.0,3.3,6.0,0,Islamabad,7,29,11,4,285.33,110.34
2024-11-29 08:00:00,4,1735.69,10.28,67.86,71.53,52.93,70.22,87.13,8.74,10.4,72.0,5.6,0.0,957.7,3.1,324.0,53,Islamabad,8,29,11,4,89.03,101.52
2024-11-29 09:00:00,4,1348.5,4.86,53.47,85.12,42.92,61.93,79.31,7.66,12.1,71.0,7.0,0.0,958.2,1.6,297.0,173,Islamabad,9,29,11,4,70.22,97.06
2024-11-29 10:00:00,4,1468.66,2.51,60.32,75.1,26.94,67.91,85.52,10.13,16.4,53.0,6.8,0.0,958.8,3.1,249.0,370,Islamabad,10,29,11,4,61.93,109.32
2024-11-29 11:00:00,5,1869.2,1.58,76.09,57.94,15.02,92.63,110.28,13.17,18.6,44.0,6.1,0.0,959.3,2.6,254.0,438,Islamabad,11,29,11,4,67.91,141.77
2024-11-29 12:00:00,5,2349.85,0.27,89.11,45.78,11.09,141.86,162.07,14.82,19.8,42.0,6.5,0.0,958.7,3.9,236.0,487,Islamabad,12,29,11,4,92.63,170.44
2024-11-29 13:00:00,5,2990.72,0.14,104.19,30.76,10.85,209.36,234.11,16.97,20.4,40.0,6.3,0.0,958.5,5.5,259.0,457,Islamabad,13,29,11,4,141.86,209.58
2024-11-29 14:00:00,5,3284.45,0.25,105.56,23.96,11.09,250.28,276.43,17.48,19.9,42.0,6.6,0.5,958.1,9.2,291.0,357,Islamabad,14,29,11,4,209.36,251.75
2024-11-29 15:00:00,5,3124.24,0.13,94.59,27.18,10.37,238.0,262.31,16.21,19.7,41.0,6.1,0.0,957.6,9.3,324.0,255,Islamabad,15,29,11,4,250.28,281.33
2024-11-29 16:00:00,5,2964.02,0.44,95.96,19.13,9.18,195.74,218.62,15.96,19.0,43.0,6.1,0.0,957.2,7.7,311.0,155,Islamabad,16,29,11,4,238.0,302.79
2024-11-29 17:00:00,5,2937.32,1.49,101.45,8.49,7.99,167.36,190.68,16.47,17.8,50.0,7.2,0.0,957.2,8.5,298.0,23,Islamabad,17,29,11,4,195.74,317.88
2024-11-29 18:00:00,5,2670.29,1.76,95.96,7.69,6.85,140.75,162.85,15.2,16.5,52.0,6.6,0.0,956.9,8.9,302.0,0,Islamabad,18,29,11,4,167.36,310.74
2024-11-29 19:00:00,5,2323.15,0.59,85.0,13.77,5.66,121.66,141.26,12.54,16.2,51.0,6.0,0.0,956.9,5.1,321.0,0,Islamabad,19,29,11,4,140.75,286.08
2024-11-29 20:00:00,5,2056.12,0.04,69.23,25.75,4.71,115.08,133.21,10.89,14.9,57.0,6.4,0.0,957.2,7.6,265.0,0,Islamabad,20,29,11,4,121.66,263.83
2024-11-29 21:00:00,5,1895.9,0.0,54.84,35.05,4.17,112.9,130.51,10.39,13.9,59.0,6.0,0.0,957.3,7.6,301.0,0,Islamabad,21,29,11,4,115.08,247.69
2024-11-29 22:00:00,5,1789.09,0.0,47.3,37.55,3.81,110.72,128.54,10.39,12.9,64.0,6.2,0.0,957.0,5.2,304.0,0,Islamabad,22,29,11,4,112.9,234.43
2024-11-29 23:00:00,5,1762.39,0.0,42.84,36.12,3.67,110.52,128.72,10.39,12.0,68.0,6.3,0.0,957.6,5.3,298.0,0,Islamabad,23,29,11,4,110.72,223.92
2024-11-30 00:00:00,5,1735.69,0.0,41.13,33.97,3.73,111.46,129.8,10.13,11.4,71.0,6.3,0.0,956.6,4.3,294.0,0,Islamabad,0,30,11,5,110.52,213.63
2024-11-30 01:00:00,5,1789.09,0.04,44.55,27.54,4.05,108.88,127.63,10.77,10.8,74.0,6.3,0.0,956.5,4.9,287.0,0,Islamabad,1,30,11,5,111.46,197.42
2024-11-30 02:00:00,5,2082.82,1.98,61.69,9.66,5.25,108.43,128.63,13.93,10.4,74.0,5.9,0.0,956.1,4.7,293.0,0,Islamabad,2,30,11,5,108.88,203.08
2024-11-30 03:00:00,5,2510.07,18.1,70.6,2.08,6.68,105.99,127.0,16.72,10.1,74.0,5.7,0.0,955.8,3.9,292.0,0,Islamabad,3,30,11,5,108.43,233.89
2024-11-30 04:00:00,5,2429.96,23.92,63.06,15.38,7.75,91.83,110.78,15.83,9.8,75.0,5.5,0.0,955.5,3.4,302.0,0,Islamabad,4,30,11,5,105.99,268.18
2024-11-30 05:00:00,5,2296.45,23.69,56.89,32.9,8.94,85.01,103.4,14.95,9.6,77.0,5.8,0.0,955.8,2.6,304.0,0,Islamabad,5,30,11,5,91.83,285.71
2024-11-30 06:00:00,5,1949.31,15.65,49.35,59.37,10.37,80.14,97.49,12.79,9.2,78.0,5.6,0.0,956.1,2.6,304.0,0,Islamabad,6,30,11,5,85.01,285.33
2024-11-30 07:00:00,4,1108.17,4.14,22.28,108.72,17.17,55.1,66.65,7.28,8.7,80.0,5.5,0.0,956.8,3.1,291.0,0,Islamabad,7,30,11,5,80.14,89.03
2024-11-30 08:00:00,4,988.01,2.57,17.31,131.61,20.98,54.9,65.67,6.33,8.8,81.0,5.7,0.0,957.4,2.8,310.0,68,Islamabad,8,30,11,5,55.1,70.22
2024-11-30 09:00:00,4,1001.36,2.15,18.51,145.91,26.94,59.71,70.6,6.33,11.9,71.0,6.8,0.0,957.7,1.6,297.0,236,Islamabad,9,30,11,5,54.9,61.93
2024-11-30 10:00:00,5,1735.69,5.87,54.15,114.44,22.89,76.44,90.18,11.4,15.2,54.0,6.0,0.0,958.1,4.4,279.0,396,Islamabad,10,30,11,5,59.71,67.91
2024-11-30 11:00:00,5,2830.51,11.29,108.3,52.21,15.5,100.66,118.7,17.23,17.9,46.0,6.1,0.0,957.8,5.8,277.0,512,Islamabad,11,30,11,5,76.44,92.63
2024-11-30 12:00:00,5,3845.21,32.63,138.46,4.29,12.76,118.32,139.81,21.28,19.5,40.0,5.6,0.0,957.1,6.9,279.0,570,Islamabad,12,30,11,5,100.66,141.86
2024-11-30 13:00:00,5,5180.36,81.36,148.06,0.0,14.31,142.04,167.71,28.12,20.3,37.0,5.1,0.0,956.5,7.3,279.0,566,Islamabad,13,30,11,5,118.32,209.36
2024-11-30 14:00:00,5,6195.07,103.71,171.36,0.0,16.45,170.9,201.87,35.97,20.6,36.0,5.0,0.0,955.7,7.3,279.0,498,Islamabad,14,30,11,5,142.04,250.28
2024-11-30 15:00:00,5,6568.91,103.71,186.44,0.0,18.12,197.56,234.0,42.56,20.3,38.0,5.5,0.0,955.0,7.7,281.0,376,Islamabad,15,30,11,5,170.9,238.0
2024-11-30 16:00:00,5,6835.94,101.03,197.41,0.0,18.36,220.19,261.11,44.58,19.5,40.0,5.5,0.0,954.4,6.7,286.0,214,Islamabad,16,30,11,5,197.56,195.74
2024-11-30 17:00:00,5,6782.53,95.67,200.15,0.0,16.21,233.46,277.3,41.54,18.4,47.0,6.9,0.0,954.1,4.6,288.0,50,Islamabad,17,30,11,5,220.19,167.36
2024-11-30 18:00:00,5,6301.88,84.04,191.93,0.0,13.35,225.89,269.72,35.97,16.2,55.0,7.2,0.0,954.0,4.1,308.0,0,Islamabad,18,30,11,5,233.46,140.75
2024-11-30 19:00:00,5,5340.58,63.48,178.22,0.0,9.66,197.74,237.32,27.87,14.3,64.0,7.6,0.0,954.1,3.8,311.0,0,Islamabad,19,30,11,5,225.89,121.66
2024-11-30 20:00:00,5,4486.08,42.92,163.14,0.0,7.09,173.39,209.74,22.29,12.5,74.0,8.0,0.0,954.2,3.8,319.0,0,Islamabad,20,30,11,5,197.74,115.08
2024-11-30 21:00:00,5,3898.62,27.72,149.43,0.0,5.3,159.87,194.86,18.24,11.2,82.0,8.3,0.0,954.3,3.9,326.0,0,Islamabad,21,30,11,5,173.39,112.9
2024-11-30 22:00:00,5,3284.45,16.54,127.49,0.03,4.17,146.9,180.12,15.2,10.3,87.0,8.2,0.0,954.4,3.9,326.0,0,Islamabad,22,30,11,5,159.87,110.72
2024-11-30 23:00:00,5,2830.51,9.5,105.56,0.15,4.05,136.12,167.5,13.81,10.3,84.0,7.7,0.0,954.4,3.7,331.0,0,Islamabad,23,30,11,5,146.9,110.52
2024-12-01 00:00:00,5,2563.48,6.98,89.11,0.28,4.77,129.33,158.83,14.69,9.6,85.0,7.2,0.0,953.7,3.6,323.0,0,Islamabad,0,1,12,6,136.12,111.46
2024-11-28 23:00:00,5,1895.9,0.5,61.01,8.58,13.47,94.16,128.6,9.63,24.6,88.0,22.4,0.0,1013.8,0.81,300.0,0,Karachi,23,28,11,3,83.84,126.6
2024-11-29 00:00:00,5,2082.82,1.48,63.75,3.58,16.45,108.36,142.37,10.39,24.0,91.0,22.4,0.0,1013.5,0.89,333.0,0,Karachi,0,29,11,4,94.16,142.71
2024-11-29 01:00:00,5,2243.04,2.4,66.49,2.59,20.27,116.71,150.9,11.27,23.3,94.0,22.3,0.0,1013.6,1.02,349.0,0,Karachi,1,29,11,4,108.36,180.27
2024-11-29 02:00:00,5,2483.37,6.59,71.97,0.97,24.08,122.84,158.94,14.31,23.0,95.0,22.2,0.0,1013.5,1.0,354.0,0,Karachi,2,29,11,4,116.71,217.95
2024-11-29 03:00:00,5,3685.0,36.66,86.37,0.61,32.42,163.84,209.51,24.32,22.9,95.0,22.0,0.0,1013.2,1.1,360.0,0,Karachi,3,29,11,4,122.84,271.87
2024-11-29 04:00:00,5,5607.6,92.09,104.19,4.65,42.92,218.52,278.03,35.97,22.7,96.0,22.0,0.0,1013.2,1.1,5.0,0,Karachi,4,29,11,4,163.84,352.76
2024-11-29 05:00:00,5,7263.18,134.11,128.87,10.01,52.45,271.41,342.07,48.64,21.9,97.0,21.4,0.0,1013.5,0.95,18.0,0,Karachi,5,29,11,4,218.52,434.47
2024-11-29 06:00:00,5,8117.68,119.81,186.44,23.6,61.04,328.0,404.18,61.3,21.8,98.0,21.4,0.0,1014.1,0.95,18.0,0,Karachi,6,29,11,4,271.41,488.9
2024-11-29 07:00:00,5,2964.02,20.34,98.71,90.12,44.35,139.93,188.19,23.56,21.7,97.0,21.2,0.0,1014.5,1.03,29.0,0,Karachi,7,29,11,4,328.0,201.86
2024-11-29 08:00:00,5,1815.8,7.82,61.01,133.04,30.52,105.33,146.4,13.93,22.3,94.0,21.3,0.0,1015.2,1.12,27.0,58,Karachi,8,29,11,4,139.93,128.77
2024-11-29 09:00:00,5,1482.01,4.81,48.67,157.36,23.6,99.42,138.46,11.27,24.4,82.0,21.1,0.0,1015.5,1.08,34.0,239,Karachi,9,29,11,4,105.33,96.7
2024-11-29 10:00:00,4,1081.47,2.99,35.99,153.06,15.97,74.7,111.53,8.87,26.7,71.0,21.0,0.0,1016.2,1.12,10.0,435,Karachi,10,29,11,4,99.42,61.18
2024-11-29 11:00:00,4,754.36,1.79,26.73,127.32,10.97,51.79,86.07,6.14,28.1,64.0,20.6,0.0,1015.7,1.2,318.0,570,Karachi,11,29,11,4,74.7,41.65
2024-11-29 12:00:00,3,567.44,0.67,21.25,103.0,7.87,36.96,69.04,4.18,29.4,57.0,20.0,0.0,1015.2,1.17,290.0,652,Karachi,12,29,11,4,51.79,33.87
2024-11-29 13:00:00,3,620.84,0.03,27.42,76.53,7.99,30.83,62.18,4.56,30.3,53.0,19.7,0.0,1013.9,1.4,266.0,663,Karachi,13,29,11,4,36.96,32.79
2024-11-29 14:00:00,3,807.76,0.0,40.44,50.78,9.66,31.57,62.97,6.78,30.9,49.0,19.0,0.0,1012.9,1.93,249.0,608,Karachi,14,29,11,4,30.83,32.29
2024-11-29 15:00:00,3,921.25,0.0,43.53,42.2,10.73,35.7,67.86,9.25,31.0,48.0,18.7,0.0,1012.1,2.56,239.0,469,Karachi,15,29,11,4,31.57,30.46
2024-11-29 16:00:00,4,1401.9,0.52,61.01,21.64,13.71,53.86,90.24,15.83,30.1,53.0,19.5,0.0,1011.9,3.22,234.0,324,Karachi,16,29,11,4,35.7,35.62
2024-11-29 17:00:00,5,2109.53,6.54,75.4,2.26,16.93,85.0,126.29,22.29,29.4,59.0,20.5,0.0,1011.5,3.22,240.0,175,Karachi,17,29,11,4,53.86,44.86
2024-11-29 18:00:00,5,2590.18,16.54,71.97,0.12,18.12,110.44,154.13,23.05,28.1,64.0,20.7,0.0,1012.0,3.23,254.0,21,Karachi,18,29,11,4,85.0,53.12
2024-11-29 19:00:00,5,2616.88,21.23,66.49,0.03,16.93,111.89,153.3,18.75,27.2,65.0,20.1,0.0,1012.6,2.6,268.0,0,Karachi,19,29,11,4,110.44,56.87
2024-11-29 20:00:00,5,2510.07,22.8,64.43,0.01,15.97,102.3,139.32,13.68,26.2,70.0,20.3,0.0,1013.4,1.91,276.0,0,Karachi,20,29,11,4,111.89,59.9
2024-11-29 21:00:00,5,2323.15,16.32,67.17,0.02,16.69,96.56,131.55,10.51,25.5,76.0,20.9,0.0,1013.7,1.55,285.0,0,Karachi,21,29,11,4,102.3,71.13
2024-11-29 22:00:00,5,1922.61,4.64,63.75,1.61,16.93,84.33,119.16,8.74,24.8,80.0,21.1,0.0,1013.7,1.3,302.0,0,Karachi,22,29,11,4,96.56,83.84
2024-11-29 23:00:00,4,1495.36,0.19,47.98,13.05,15.74,70.98,106.63,7.85,24.2,84.0,21.3,0.0,1014.0,1.08,326.0,0,Karachi,23,29,11,4,84.33,94.16
2024-11-30 00:00:00,4,1241.68,0.01,34.96,23.96,14.54,63.6,101.67,7.79,23.6,87.0,21.3,0.0,1013.9,1.12,350.0,0,Karachi,0,30,11,5,70.98,108.36
2024-11-30 01:00:00,4,1161.58,0.01,31.19,26.11,14.31,61.22,103.42,8.36,23.0,90.0,21.2,0.0,1013.7,1.2,360.0,0,Karachi,1,30,11,5,63.6,116.71
2024-11-30 02:00:00,4,1388.55,0.07,40.1,20.38,16.45,71.49,121.1,11.15,22.6,92.0,21.2,0.0,1013.6,1.1,5.0,0,Karachi,2,30,11,5,61.22,122.84
2024-11-30 03:00:00,5,2403.26,7.04,69.92,4.34,22.65,116.14,178.01,19.0,22.3,93.0,21.1,0.0,1012.9,1.02,11.0,0,Karachi,3,30,11,5,71.49,163.84
2024-11-30 04:00:00,5,3631.59,35.32,86.37,7.33,31.47,167.37,244.22,28.12,22.1,94.0,21.1,0.0,1013.0,1.12,10.0,0,Karachi,4,30,11,5,116.14,218.52
2024-11-30 05:00:00,5,4165.65,48.28,95.96,17.17,36.24,193.92,283.49,38.0,21.4,94.0,20.4,0.0,1013.4,1.12,10.0,0,Karachi,5,30,11,5,167.37,271.41
2024-11-30 06:00:00,5,3631.59,29.5,97.33,43.99,37.67,189.57,286.84,36.98,21.2,94.0,20.2,0.0,1013.5,1.17,20.0,0,Karachi,6,30,11,5,193.92,328.0
2024-11-30 07:00:00,5,1148.22,3.97,31.19,118.73,44.35,95.06,184.37,12.03,21.1,93.0,19.9,0.0,1014.0,1.21,24.0,0,Karachi,7,30,11,5,189.57,139.93
2024-11-30 08:00:00,5,720.98,1.7,17.14,144.48,41.48,79.99,158.39,6.9,21.6,91.0,20.1,0.0,1014.4,1.25,29.0,64,Karachi,8,30,11,5,95.06,105.33
2024-11-30 09:00:00,5,660.9,1.31,15.77,157.36,41.48,80.84,152.29,5.64,23.9,80.0,20.3,0.0,1015.3,1.7,28.0,257,Karachi,9,30,11,5,79.99,99.42
2024-11-30 10:00:00,5,674.25,1.12,17.31,160.22,41.96,83.82,151.9,5.26,26.5,66.0,19.6,0.0,1015.8,2.42,30.0,440,Karachi,10,30,11,5,80.84,74.7
2024-11-30 11:00:00,5,700.95,0.76,19.71,158.79,43.39,86.69,152.25,5.32,28.3,46.0,15.5,0.0,1015.5,3.18,62.0,580,Karachi,11,30,11,5,83.82,51.79
2024-11-30 12:00:00,5,720.98,0.25,22.62,150.2,46.73,88.2,151.83,5.38,29.3,45.0,16.1,0.0,1014.5,3.2,76.0,668,Karachi,12,30,11,5,86.69,36.96
2024-11-30 13:00:00,5,821.11,0.01,26.73,137.33,50.07,91.45,155.07,6.21,29.9,44.0,16.3,0.0,1013.2,2.8,90.0,670,Karachi,13,30,11,5,88.2,30.83
2024-11-30 14:00:00,5,947.95,0.0,30.16,131.61,50.54,98.95,165.41,7.6,30.3,41.0,15.6,0.0,1012.2,2.72,96.0,599,Karachi,14,30,11,5,91.45,31.57
2024-11-30 15:00:00,5,988.01,0.0,28.1,133.04,45.78,104.82,173.48,8.87,30.3,39.0,14.8,0.0,1011.2,2.83,98.0,476,Karachi,15,30,11,5,98.95,35.7
2024-11-30 16:00:00,5,1522.06,0.0,45.93,104.43,42.44,128.17,206.48,17.48,30.0,40.0,14.9,0.0,1010.7,3.01,96.0,317,Karachi,16,30,11,5,104.82,53.86
2024-11-30 17:00:00,5,1895.9,0.0,55.52,77.96,36.72,143.64,230.34,24.07,29.5,42.0,15.2,0.0,1010.7,2.79,105.0,161,Karachi,17,30,11,5,128.17,85.0
2024-11-30 18:00:00,5,1869.2,0.0,50.72,68.66,31.95,141.27,231.68,24.83,28.7,42.0,14.5,0.0,1010.9,2.81,94.0,19,Karachi,18,30,11,5,143.64,110.44
2024-11-30 19:00:00,5,1815.8,0.0,48.67,60.08,28.85,138.64,232.76,24.07,27.5,45.0,14.5,0.0,1011.7,3.01,86.0,0,Karachi,19,30,11,5,141.27,111.89
2024-11-30 20:00:00,5,1708.98,0.0,45.24,55.07,24.32,133.31,226.73,20.27,26.5,49.0,14.9,0.0,1012.4,3.14,81.0,0,Karachi,20,30,11,5,138.64,102.3
2024-11-30 21:00:00,5,1482.01,0.0,36.67,56.51,20.27,127.42,218.73,16.47,25.6,52.0,15.0,0.0,1013.1,2.89,76.0,0,Karachi,21,30,11,5,133.31,96.56
2024-11-30 22:00:00,5,1348.5,0.0,29.82,59.37,18.12,128.94,220.01,15.33,24.8,57.0,15.7,0.0,1013.4,2.4,73.0,0,Karachi,22,30,11,5,127.42,84.33
2024-11-30 23:00:00,5,1335.14,0.0,26.39,60.8,16.93,134.69,225.99,15.83,24.4,56.0,15.0,0.0,1012.9,2.51,61.0,0,Karachi,23,30,11,5,128.94,70.98
2024-12-01 00:00:00,5,1348.5,0.0,24.68,61.51,16.45,140.36,230.72,15.83,23.8,58.0,15.1,0.0,1012.6,2.52,56.0,0,Karachi,0,1,12,6,134.69,63.6
2024-11-28 23:00:00,5,3685.0,0.0,47.3,34.33,15.02,624.18,692.69,17.73,15.0,83.0,12.1,0.0,991.0,2.7,90.0,0,Lahore,23,28,11,3,651.47,627.92
2024-11-29 00:00:00,5,3898.62,0.05,50.72,23.96,13.83,628.6,689.2,16.47,14.0,87.0,11.8,0.0,990.7,4.2,65.0,0,Lahore,0,29,11,4,624.18,607.96
2024-11-29 01:00:00,5,4219.06,0.94,59.63,9.92,13.47,655.56,706.6,15.58,13.5,88.0,11.6,0.0,990.6,3.9,56.0,0,Lahore,1,29,11,4,628.6,576.09
2024-11-29 02:00:00,5,5180.36,20.12,70.6,0.33,14.66,722.64,784.15,14.19,13.2,89.0,11.4,0.0,990.5,3.3,61.0,0,Lahore,2,29,11,4,655.56,601.58
2024-11-29 03:00:00,5,6675.72,56.33,86.37,1.3,16.45,808.01,879.77,12.16,12.8,90.0,11.2,0.0,990.4,2.7,70.0,0,Lahore,3,29,11,4,722.64,683.72
2024-11-29 04:00:00,5,7904.05,82.25,97.33,4.02,17.88,874.97,953.48,11.91,12.5,91.0,11.0,0.0,990.3,2.1,70.0,0,Lahore,4,29,11,4,808.01,768.83
2024-11-29 05:00:00,5,8651.73,80.47,123.38,11.98,20.03,926.77,1013.67,20.77,12.0,92.0,10.8,0.0,990.6,2.7,70.0,0,Lahore,5,29,11,4,874.97,842.31
2024-11-29 06:00:00,5,8865.36,49.62,165.88,38.27,24.08,964.19,1057.84,32.93,11.7,93.0,10.6,0.0,991.5,3.2,93.0,0,Lahore,6,29,11,4,926.77,918.26
2024-11-29 07:00:00,5,3952.03,4.14,80.2,214.58,95.37,581.59,645.5,8.23,11.5,94.0,10.5,0.0,992.1,3.6,99.0,2,Lahore,7,29,11,4,964.19,529.98
2024-11-29 08:00:00,5,3578.19,2.93,76.77,251.77,113.49,522.9,583.8,6.46,13.3,89.0,11.5,0.0,992.6,5.7,101.0,69,Lahore,8,29,11,4,581.59,552.02
2024-11-29 09:00:00,5,3471.37,2.15,80.2,263.21,129.7,497.23,556.97,6.33,16.1,81.0,12.9,0.0,993.3,3.3,119.0,207,Lahore,9,29,11,4,522.9,601.46
2024-11-29 10:00:00,5,4272.46,2.24,124.75,214.58,122.07,530.66,597.86,14.19,18.8,72.0,13.7,0.0,993.8,2.2,145.0,346,Lahore,10,29,11,4,497.23,658.99
2024-11-29 11:00:00,5,6034.85,2.21,213.86,120.16,92.51,613.2,695.3,26.35,21.0,63.0,13.8,0.0,993.3,2.1,149.0,449,Lahore,11,29,11,4,530.66,759.82
2024-11-29 12:00:00,5,7904.05,7.26,307.08,21.46,72.48,685.35,781.65,35.46,22.4,57.0,13.5,0.0,992.4,1.5,173.0,500,Lahore,12,29,11,4,613.2,861.2
2024-11-29 13:00:00,5,8972.17,43.81,312.57,0.0,60.08,731.62,843.3,42.05,23.2,54.0,13.4,0.0,991.5,0.3,225.0,491,Lahore,13,29,11,4,685.35,955.44
2024-11-29 14:00:00,5,8438.11,56.77,260.47,0.0,42.44,729.45,856.72,39.52,23.5,52.0,13.1,0.0,990.8,1.3,344.0,423,Lahore,14,29,11,4,731.62,1054.93
2024-11-29 15:00:00,5,7156.37,50.51,197.41,0.0,28.37,684.38,826.09,31.92,23.5,52.0,13.0,0.0,990.4,2.8,349.0,305,Lahore,15,29,11,4,729.45,1135.95
2024-11-29 16:00:00,5,5874.63,38.89,148.06,0.0,20.03,620.88,766.54,23.05,22.4,62.0,14.7,0.0,990.3,3.8,8.0,161,Lahore,16,29,11,4,684.38,1138.48
2024-11-29 17:00:00,5,4913.33,23.02,115.16,0.07,16.69,569.92,711.85,17.23,20.2,71.0,14.7,0.0,990.3,4.7,18.0,36,Lahore,17,29,11,4,620.88,1081.97
2024-11-29 18:00:00,5,4272.46,6.03,93.22,4.2,14.07,546.45,670.44,10.89,20.1,70.0,14.5,0.0,990.9,4.2,18.0,0,Lahore,18,29,11,4,569.92,994.78
2024-11-29 19:00:00,5,3524.78,0.02,60.32,41.13,10.13,483.15,568.47,5.51,19.1,71.0,13.8,0.0,990.8,3.5,15.0,0,Lahore,19,29,11,4,546.45,888.24
2024-11-29 20:00:00,5,2616.88,0.0,33.59,73.67,6.56,365.52,419.17,3.96,18.2,75.0,13.6,0.0,990.9,4.3,358.0,0,Lahore,20,29,11,4,483.15,789.26
2024-11-29 21:00:00,5,1976.01,0.0,20.05,87.26,5.36,272.24,311.44,3.67,17.5,77.0,13.4,0.0,991.1,2.7,352.0,0,Lahore,21,29,11,4,365.52,709.94
2024-11-29 22:00:00,5,1628.88,0.0,14.39,89.41,5.48,213.33,247.41,3.86,16.8,80.0,13.3,0.0,991.0,2.5,330.0,0,Lahore,22,29,11,4,272.24,651.47
2024-11-29 23:00:00,5,1455.31,0.0,12.85,85.12,5.78,175.62,206.55,4.43,16.5,80.0,13.1,0.0,990.9,3.1,320.0,0,Lahore,23,29,11,4,213.33,624.18
2024-11-30 00:00:00,5,1361.85,0.0,13.54,78.68,6.08,151.53,177.67,5.32,15.9,82.0,12.9,0.0,990.3,4.3,338.0,0,Lahore,0,30,11,5,175.62,628.6
2024-11-30 01:00:00,5,1361.85,0.0,15.94,72.96,6.38,135.2,156.6,6.84,15.7,82.0,12.6,0.0,990.0,5.0,334.0,0,Lahore,1,30,11,5,151.53,655.56
2024-11-30 02:00:00,5,1628.88,0.0,29.47,57.22,7.51,140.43,162.75,10.13,15.4,82.0,12.4,0.0,989.8,4.3,327.0,0,Lahore,2,30,11,5,135.2,722.64
2024-11-30 03:00:00,5,2082.82,1.4,52.78,30.76,9.06,156.45,183.3,13.3,15.5,83.0,12.6,0.0,990.1,6.9,313.0,0,Lahore,3,30,11,5,140.43,808.01
2024-11-30 04:00:00,5,2429.96,10.73,54.84,26.82,10.37,173.11,204.01,16.47,15.3,81.0,12.0,0.0,989.8,6.9,321.0,0,Lahore,4,30,11,5,156.45,874.97
2024-11-30 05:00:00,5,2536.77,13.86,52.09,42.2,11.44,186.21,220.56,20.77,14.8,77.0,10.8,0.0,990.0,6.3,340.0,0,Lahore,5,30,11,5,173.11,926.77
2024-11-30 06:00:00,5,2456.67,9.72,48.67,75.1,12.4,197.67,233.82,21.79,14.1,81.0,10.8,1.4,990.8,5.6,63.0,0,Lahore,6,30,11,5,186.21,964.19
2024-11-30 07:00:00,5,1895.9,4.19,36.33,130.18,21.22,157.07,183.36,13.68,13.1,85.0,10.6,0.0,991.2,4.6,26.0,1,Lahore,7,30,11,5,197.67,581.59
2024-11-30 08:00:00,5,1815.8,3.16,36.33,158.79,27.18,153.06,178.69,11.65,14.5,80.0,11.0,0.0,991.8,7.6,31.0,63,Lahore,8,30,11,5,157.07,522.9
2024-11-30 09:00:00,5,1708.98,2.18,34.96,174.52,31.47,155.45,181.19,11.15,16.1,74.0,11.6,0.0,992.3,4.1,45.0,197,Lahore,9,30,11,5,153.06,497.23
2024-11-30 10:00:00,5,2216.34,2.93,62.38,144.48,27.66,173.94,206.27,16.47,18.0,70.0,12.4,0.0,992.5,0.4,63.0,340,Lahore,10,30,11,5,155.45,530.66
2024-11-30 11:00:00,5,3391.27,4.02,122.01,73.67,23.13,216.47,260.61,24.32,19.7,65.0,13.0,0.0,992.0,1.0,22.0,444,Lahore,11,30,11,5,173.94,613.2
2024-11-30 12:00:00,5,4966.74,19.67,186.44,6.79,25.51,261.96,316.87,32.93,20.9,62.0,13.3,0.0,991.2,1.9,17.0,495,Lahore,12,30,11,5,216.47,685.35
2024-11-30 13:00:00,5,6301.88,61.69,200.15,0.0,30.99,305.21,369.67,41.54,21.5,60.0,13.3,0.0,989.9,2.2,24.0,485,Lahore,13,30,11,5,261.96,731.62
2024-11-30 14:00:00,5,6942.75,79.57,191.93,0.0,27.42,332.47,406.76,39.52,21.7,59.0,13.3,0.0,989.0,1.9,22.0,417,Lahore,14,30,11,5,305.21,729.45
2024-11-30 15:00:00,5,6782.53,74.21,169.99,0.0,21.7,336.38,417.72,33.44,21.6,59.0,13.3,0.0,988.5,1.8,11.0,302,Lahore,15,30,11,5,332.47,684.38
2024-11-30 16:00:00,5,6195.07,61.69,145.32,0.0,16.93,330.94,416.18,26.85,21.2,65.0,14.2,0.0,988.3,1.4,23.0,160,Lahore,16,30,11,5,336.38,620.88
2024-11-30 17:00:00,5,5500.79,47.83,123.38,0.0,14.9,317.97,405.18,23.81,19.7,71.0,14.2,0.0,988.0,0.4,90.0,36,Lahore,17,30,11,5,330.94,569.92
2024-11-30 18:00:00,5,4592.9,33.53,104.19,0.0,13.35,289.7,375.3,19.76,19.3,61.0,11.7,0.0,988.4,6.1,310.0,0,Lahore,18,30,11,5,317.97,546.45
2024-11-30 19:00:00,5,3685.0,19.0,89.11,0.07,10.97,248.77,325.67,13.17,18.2,62.0,10.9,0.0,988.5,6.0,316.0,0,Lahore,19,30,11,5,289.7,483.15
2024-11-30 20:00:00,5,3044.13,7.6,76.09,0.94,8.58,219.9,287.58,9.5,17.7,64.0,10.7,0.0,988.3,6.3,307.0,0,Lahore,20,30,11,5,248.77,365.52
2024-11-30 21:00:00,5,2670.29,1.49,61.01,5.54,6.56,204.27,263.24,7.79,17.1,66.0,10.7,0.0,988.3,5.9,293.0,0,Lahore,21,30,11,5,219.9,272.24
2024-11-30 22:00:00,5,2429.96,0.19,45.93,14.13,5.07,194.64,245.58,6.71,16.7,67.0,10.5,0.0,988.2,5.2,286.0,0,Lahore,22,30,11,5,204.27,213.33
2024-11-30 23:00:00,5,2349.85,0.07,38.73,19.13,4.41,193.49,239.48,5.83,16.0,69.0,10.4,0.0,987.9,5.1,288.0,0,Lahore,23,30,11,5,194.64,175.62
2024-12-01 00:00:00,5,2403.26,0.1,38.39,18.24,4.47,198.41,242.31,5.32,15.3,73.0,10.5,0.0,987.7,5.3,303.0,0,Lahore,0,1,12,6,193.49,151.53
2024-11-28 23:00:00,5,6408.69,0.0,149.43,25.39,36.72,519.43,597.93,95.25,11.2,87.0,9.1,0.0,977.3,3.3,276.0,0,Peshawar,23,28,11,3,554.26,225.67
2024-11-29 00:00:00,5,5287.17,0.0,106.93,38.62,32.42,451.13,523.12,85.12,11.3,82.0,8.4,0.0,977.5,4.0,260.0,0,Peshawar,0,29,11,4,519.43,192.81
2024-11-29 01:00:00,5,4486.08,0.0,86.37,44.7,28.85,399.13,467.86,76.0,11.6,81.0,8.4,0.0,977.8,3.1,225.0,0,Peshawar,1,29,11,4,451.13,174.9
2024-11-29 02:00:00,5,4592.9,0.32,106.93,24.32,30.99,392.73,465.89,81.06,11.3,82.0,8.4,0.0,978.1,2.5,180.0,0,Peshawar,2,29,11,4,399.13,175.75
2024-11-29 03:00:00,5,5554.2,21.9,135.72,1.3,35.29,407.81,489.11,91.2,12.0,79.0,8.5,0.0,978.5,3.0,256.0,32,Peshawar,3,29,11,4,392.73,189.15
2024-11-29 04:00:00,5,6568.91,49.62,150.8,3.26,39.1,452.36,544.61,101.33,13.5,75.0,9.1,0.0,979.0,1.8,270.0,125,Peshawar,4,29,11,4,407.81,212.17
2024-11-29 05:00:00,5,7690.43,65.27,174.11,7.6,43.39,535.42,640.47,111.46,15.4,63.0,8.4,0.0,979.2,2.3,72.0,274,Peshawar,5,29,11,4,452.36,250.08
2024-11-29 06:00:00,5,9185.79,67.95,222.09,14.13,46.25,662.3,780.85,117.54,16.8,60.0,9.0,0.0,979.7,3.2,63.0,333,Peshawar,6,29,11,4,535.42,306.14
2024-11-29 07:00:00,5,10147.09,59.01,257.73,24.68,40.53,737.98,859.09,100.31,17.8,55.0,8.7,0.0,979.4,3.3,6.0,310,Peshawar,7,29,11,4,662.3,273.87
2024-11-29 08:00:00,5,10147.09,40.23,271.44,41.13,32.9,770.0,884.59,74.98,17.8,55.0,8.6,0.0,979.3,6.2,350.0,173,Peshawar,8,29,11,4,737.98,283.6
2024-11-29 09:00:00,5,9826.66,21.9,260.47,62.23,28.37,796.17,902.6,56.74,18.5,52.0,8.5,0.0,978.6,5.2,12.0,224,Peshawar,9,29,11,4,770.0,319.98
2024-11-29 10:00:00,5,9826.66,4.92,279.66,35.41,25.27,805.19,907.9,48.13,18.5,52.0,8.5,0.0,978.3,3.2,90.0,137,Peshawar,10,29,11,4,796.17,382.6
2024-11-29 11:00:00,5,10147.09,13.41,293.37,5.36,20.74,772.45,873.53,43.06,17.7,58.0,9.3,0.0,977.9,3.0,104.0,54,Peshawar,11,29,11,4,805.19,452.02
2024-11-29 12:00:00,5,9613.04,29.06,263.21,0.34,17.4,665.21,755.58,38.0,16.4,70.0,11.0,0.0,978.5,1.9,202.0,21,Peshawar,12,29,11,4,772.45,504.0
2024-11-29 13:00:00,5,8972.17,45.15,233.05,0.0,16.93,569.2,650.02,36.48,15.7,71.0,10.4,0.0,978.2,4.2,239.0,0,Peshawar,13,29,11,4,665.21,554.31
2024-11-29 14:00:00,5,8117.68,51.41,200.15,0.0,16.69,457.14,527.25,36.48,14.8,68.0,8.9,0.0,978.5,5.5,247.0,0,Peshawar,14,29,11,4,569.2,603.13
2024-11-29 15:00:00,5,6355.29,38.89,154.91,0.0,15.5,312.54,367.74,35.46,14.2,61.0,6.8,0.0,978.3,6.6,248.0,0,Peshawar,15,29,11,4,457.14,648.08
2024-11-29 16:00:00,5,4913.33,23.47,120.64,0.05,16.21,230.48,276.71,38.5,14.0,57.0,5.7,0.0,978.3,6.0,253.0,0,Peshawar,16,29,11,4,312.54,684.72
2024-11-29 17:00:00,5,4219.06,14.98,106.93,0.22,17.64,195.52,237.68,44.58,13.3,59.0,5.4,0.0,978.1,6.3,246.0,0,Peshawar,17,29,11,4,230.48,695.22
2024-11-29 18:00:00,5,3738.4,10.51,98.71,0.55,16.93,158.6,195.63,45.09,12.7,58.0,4.6,0.0,979.0,6.5,251.0,0,Peshawar,18,29,11,4,195.52,679.71
2024-11-29 19:00:00,5,3231.05,5.31,90.48,1.79,13.71,120.0,148.64,39.01,12.1,61.0,4.8,0.0,978.1,5.8,248.0,0,Peshawar,19,29,11,4,158.6,618.21
2024-11-29 20:00:00,5,2750.4,0.8,76.09,8.76,10.37,89.88,112.06,32.42,11.6,63.0,4.8,0.0,978.0,5.3,242.0,0,Peshawar,20,29,11,4,120.0,564.57
2024-11-29 21:00:00,4,2349.85,0.03,56.89,22.35,8.11,70.08,88.6,28.37,11.2,65.0,4.9,0.0,977.5,5.2,236.0,0,Peshawar,21,29,11,4,89.88,552.23
2024-11-29 22:00:00,4,2082.82,0.0,41.13,33.97,6.5,53.47,69.25,24.83,11.0,66.0,4.9,0.0,977.3,5.1,231.0,0,Peshawar,22,29,11,4,70.08,554.26
2024-11-29 23:00:00,3,1949.31,0.0,31.53,41.84,5.48,42.23,56.44,22.8,10.6,69.0,5.1,0.0,976.8,5.1,231.0,0,Peshawar,23,29,11,4,53.47,519.43
2024-11-30 00:00:00,3,1869.2,0.0,27.42,44.7,5.25,36.75,50.44,22.55,10.3,71.0,5.3,0.0,976.8,5.1,225.0,0,Peshawar,0,30,11,5,42.23,451.13
2024-11-30 01:00:00,3,1922.61,0.0,30.85,41.13,5.84,36.6,51.27,24.57,9.9,72.0,5.1,0.0,977.2,4.8,228.0,0,Peshawar,1,30,11,5,36.75,399.13
2024-11-30 02:00:00,3,2323.15,0.49,52.78,20.21,8.23,47.79,67.24,30.4,9.4,74.0,5.0,0.0,977.6,5.1,225.0,0,Peshawar,2,30,11,5,36.6,392.73
2024-11-30 03:00:00,4,3150.94,17.88,75.4,2.21,11.68,67.23,93.31,38.5,9.7,74.0,5.3,0.0,978.1,4.8,228.0,50,Peshawar,3,30,11,5,47.79,407.81
2024-11-30 04:00:00,5,3898.62,47.83,78.14,9.66,15.74,89.52,122.29,48.64,12.7,70.0,7.4,0.0,978.3,2.6,214.0,212,Peshawar,4,30,11,5,67.23,452.36
2024-11-30 05:00:00,5,4539.49,64.37,90.48,18.95,20.03,116.61,156.37,59.28,16.7,50.0,6.2,0.0,978.6,3.2,90.0,371,Peshawar,5,30,11,5,89.52,535.42
2024-11-30 06:00:00,5,5073.55,61.69,119.27,35.41,23.84,149.82,194.82,66.88,18.7,43.0,5.9,0.0,978.2,5.2,74.0,490,Peshawar,6,30,11,5,116.61,662.3
2024-11-30 07:00:00,5,5180.36,43.81,145.32,67.95,25.03,173.54,217.67,64.34,19.8,40.0,5.8,0.0,977.4,5.6,75.0,537,Peshawar,7,30,11,5,149.82,737.98
2024-11-30 08:00:00,5,5020.14,27.05,154.91,113.01,25.51,195.91,238.35,58.77,20.7,38.0,5.9,0.0,976.6,5.4,90.0,544,Peshawar,8,30,11,5,173.54,770.0
2024-11-30 09:00:00,5,4539.49,16.54,143.95,150.2,24.32,203.39,242.51,50.16,21.2,36.0,5.6,0.0,975.7,5.8,97.0,493,Peshawar,9,30,11,5,195.91,796.17
2024-11-30 10:00:00,5,4058.84,10.39,127.49,154.5,21.22,189.03,224.54,39.52,21.3,37.0,6.0,0.0,974.9,5.2,102.0,380,Peshawar,10,30,11,5,203.39,805.19
2024-11-30 11:00:00,5,3898.62,6.43,134.35,127.32,20.03,179.32,214.83,37.49,20.7,39.0,6.3,0.0,974.4,5.1,94.0,223,Peshawar,11,30,11,5,189.03,772.45
2024-11-30 12:00:00,5,4005.43,1.52,157.65,70.81,20.03,170.55,207.8,39.52,19.6,50.0,8.9,0.0,974.3,3.5,66.0,59,Peshawar,12,30,11,5,179.32,665.21
2024-11-30 13:00:00,5,4112.24,1.44,171.36,18.06,19.07,160.82,201.74,41.54,17.8,61.0,10.2,0.0,974.4,1.4,360.0,0,Peshawar,13,30,11,5,170.55,569.2
2024-11-30 14:00:00,5,4432.68,14.31,169.99,0.32,19.31,171.54,219.51,46.61,16.9,63.0,9.8,0.0,974.8,4.7,279.0,0,Peshawar,14,30,11,5,160.82,457.14
2024-11-30 15:00:00,5,5180.36,25.26,183.7,0.01,19.55,208.27,264.44,48.64,14.0,72.0,9.0,0.0,974.9,6.5,251.0,0,Peshawar,15,30,11,5,171.54,312.54
2024-11-30 16:00:00,5,5874.63,31.74,202.89,0.0,21.22,253.55,315.31,55.22,13.0,73.0,8.3,0.0,975.1,6.0,237.0,0,Peshawar,16,30,11,5,208.27,230.48
2024-11-30 17:00:00,5,6515.5,35.76,219.35,0.0,25.27,293.37,358.1,68.9,12.5,73.0,7.8,0.0,975.3,6.0,237.0,0,Peshawar,17,30,11,5,253.55,195.52
2024-11-30 18:00:00,5,6942.75,36.66,235.8,0.0,26.46,321.71,384.52,73.97,12.2,73.0,7.5,0.0,975.3,5.7,235.0,0,Peshawar,18,30,11,5,293.37,158.6
2024-11-30 19:00:00,5,6622.31,27.49,224.83,0.01,23.6,304.3,357.8,68.9,11.7,73.0,7.1,0.0,974.6,5.7,235.0,0,Peshawar,19,30,11,5,321.71,120.0
2024-11-30 20:00:00,5,5447.39,14.31,189.19,0.15,19.79,254.29,298.71,61.81,11.2,74.0,6.7,0.0,974.3,5.5,238.0,0,Peshawar,20,30,11,5,304.3,89.88
2024-11-30 21:00:00,5,4272.46,4.75,146.69,1.29,16.69,204.75,244.05,57.25,10.7,74.0,6.2,0.0,974.0,5.3,242.0,0,Peshawar,21,30,11,5,254.29,70.08
2024-11-30 22:00:00,5,3284.45,0.72,109.67,5.72,13.95,158.6,194.46,52.69,10.3,74.0,5.9,0.0,974.1,5.5,238.0,0,Peshawar,22,30,11,5,204.75,53.47
2024-11-30 23:00:00,5,2536.77,0.09,78.83,13.41,11.68,120.85,153.92,48.64,9.9,75.0,5.7,0.0,974.1,5.4,233.0,0,Peshawar,23,30,11,5,158.6,42.23
2024-12-01 00:00:00,5,2056.12,0.03,58.26,20.21,10.37,96.67,127.88,45.09,9.5,74.0,5.1,0.0,974.8,5.4,233.0,0,Peshawar,0,1,12,6,120.85,36.75
2024-11-28 23:00:00,3,313.76,0.0,3.56,77.96,0.97,32.06,60.19,2.47,9.2645,69.22516,3.9145,0.0,837.7935,8.849339,184.66678,0,Quetta,23,28,11,3,33.86,48.81
2024-11-29 00:00:00,3,313.76,0.0,3.43,76.53,1.0,30.28,56.93,2.5,9.2645,70.20367,4.1145,0.0,837.05316,11.126562,170.69014,0,Quetta,0,29,11,4,32.06,47.51
2024-11-29 01:00:00,3,330.45,0.0,4.2,75.1,1.18,28.57,53.13,2.47,8.3145,71.51216,3.4645,0.0,836.8405,6.8989563,195.12405,0,Quetta,1,29,11,4,30.28,46.93
2024-11-29 02:00:00,3,433.92,0.0,9.08,70.1,1.73,30.04,53.3,2.69,7.7145,85.077354,5.3645,5.2,838.7974,2.4216523,221.98714,0,Quetta,2,29,11,4,28.57,53.34
2024-11-29 03:00:00,3,607.49,0.02,18.34,60.8,2.32,33.73,55.82,2.6,8.5645,88.759056,6.8145,2.6,839.20306,6.804381,142.52374,18,Quetta,3,29,11,4,30.04,66.56
2024-11-29 04:00:00,3,674.25,0.48,21.42,57.22,2.5,33.04,53.81,2.41,10.3145,87.4126,8.3145,0.2,840.52875,6.444905,144.09018,116,Quetta,4,29,11,4,33.73,71.1
2024-11-29 05:00:00,3,654.22,1.47,19.02,60.08,2.47,29.15,48.0,2.88,13.5145,73.476234,8.8645,0.1,841.8287,7.029225,129.80553,320,Quetta,5,29,11,4,33.04,71.13
2024-11-29 06:00:00,2,600.81,2.15,16.28,65.09,2.38,24.81,41.68,3.36,14.9145,62.92679,7.9145,0.0,842.1895,13.690654,155.11966,363,Quetta,6,29,11,4,29.15,77.97
2024-11-29 07:00:00,2,253.68,0.37,2.83,82.97,0.87,10.15,21.69,0.39,15.4645,58.108677,7.2645,0.1,841.3352,8.92408,138.27058,484,Quetta,7,29,11,4,24.81,14.5
2024-11-29 08:00:00,2,240.33,0.35,2.21,85.83,0.73,9.73,22.37,0.24,16.5145,57.77716,8.1645,0.2,840.50287,9.847496,198.10385,566,Quetta,8,29,11,4,10.15,11.28
2024-11-29 09:00:00,2,243.66,0.41,2.33,86.55,0.74,9.41,22.54,0.3,14.8145,64.4184,8.1645,1.4,839.7402,8.161764,221.42357,444,Quetta,9,29,11,4,9.73,12.33
2024-11-29 10:00:00,2,243.66,0.39,2.51,85.12,0.72,9.05,21.61,0.34,15.4645,58.707317,7.4145,0.1,839.3529,7.3997297,184.18483,325,Quetta,10,29,11,4,9.41,13.86
2024-11-29 11:00:00,2,247.0,0.3,3.26,82.97,0.72,8.46,19.14,0.39,14.9645,61.876446,7.7145,0.0,839.32715,7.989243,165.65063,219,Quetta,11,29,11,4,9.05,15.82
2024-11-29 12:00:00,2,257.02,0.13,4.58,80.82,0.72,7.78,17.26,0.45,13.2645,72.68994,8.4645,0.3,839.1332,2.3469126,175.60138,108,Quetta,12,29,11,4,8.46,17.65
2024-11-29 13:00:00,2,507.35,0.01,22.96,58.65,1.68,13.48,23.48,2.56,10.9645,90.46731,9.4645,0.5,838.8376,1.609969,63.435013,8,Quetta,13,29,11,4,7.78,23.58
2024-11-29 14:00:00,3,907.9,0.13,47.98,28.61,3.16,27.55,39.31,5.51,10.2145,91.334114,8.8645,0.4,839.40216,0.40249225,243.43501,0,Quetta,14,29,11,4,13.48,32.7
2024-11-29 15:00:00,3,1228.33,1.12,61.69,9.66,5.25,44.21,57.85,10.13,10.0145,93.820435,9.0645,0.0,839.1243,3.8773184,158.19853,0,Quetta,15,29,11,4,27.55,40.07
2024-11-29 16:00:00,4,1335.14,1.77,63.06,5.14,6.79,52.66,66.98,14.06,9.3145,94.74486,8.5145,0.0,838.89124,4.913044,171.57312,0,Quetta,16,29,11,4,44.21,41.38
2024-11-29 17:00:00,4,1308.44,1.19,58.95,6.79,6.02,55.11,69.83,12.16,8.7645,96.01825,8.1645,0.2,839.3999,2.7238941,187.59456,0,Quetta,17,29,11,4,52.66,41.09
2024-11-29 18:00:00,4,1268.39,0.71,55.52,8.94,4.23,54.76,69.23,6.97,8.2145,95.02375,7.4645,0.1,838.7559,3.536439,165.2564,0,Quetta,18,29,11,4,55.11,41.04
2024-11-29 19:00:00,3,1134.87,0.27,50.72,12.52,2.56,47.7,61.24,3.04,8.0145,96.32314,7.4645,0.1,838.2302,7.2805495,171.46931,0,Quetta,19,29,11,4,54.76,38.87
2024-11-29 20:00:00,3,934.6,0.03,40.1,20.56,1.86,38.19,51.17,2.31,7.8645,94.361786,7.0145,0.0,837.4044,9.346143,164.3577,0,Quetta,20,29,11,4,47.7,36.77
2024-11-29 21:00:00,3,741.0,0.0,28.1,31.47,1.67,30.32,43.18,2.53,7.5645,92.4225,6.4145,0.0,837.39636,5.920878,160.46326,0,Quetta,21,29,11,4,38.19,35.34
2024-11-29 22:00:00,3,620.84,0.0,20.39,41.13,2.21,26.52,39.61,3.96,7.5145,91.46927,6.2145,0.0,837.2035,6.037383,153.43501,0,Quetta,22,29,11,4,30.32,33.86
2024-11-29 23:00:00,2,554.08,0.0,16.11,49.35,2.8,24.74,38.31,5.45,7.0145,92.07145,5.8145,0.0,836.5867,4.278551,157.75093,0,Quetta,23,29,11,4,26.52,32.06
2024-11-30 00:00:00,2,500.68,0.0,13.02,55.07,3.1,22.58,36.56,6.46,6.6645,91.7313,5.4145,0.0,836.30237,4.0449963,159.14546,0,Quetta,0,30,11,5,24.74,30.28
2024-11-30 01:00:00,2,473.98,0.0,11.82,59.37,3.46,21.02,35.32,7.47,7.0145,87.40311,5.0645,0.0,836.9973,2.5071096,158.96242,0,Quetta,1,30,11,5,22.58,28.57
2024-11-30 02:00:00,2,574.11,0.0,17.31,55.07,4.71,24.98,40.59,10.39,7.2645,85.92038,5.0645,0.0,837.30585,4.0249224,153.43501,0,Quetta,2,30,11,5,21.02,30.04
2024-11-30 03:00:00,3,814.44,0.5,30.5,40.41,6.56,34.04,51.72,14.57,8.7145,84.60208,6.2645,0.0,838.6312,4.913044,151.55717,35,Quetta,3,30,11,5,24.98,33.73
2024-11-30 04:00:00,3,961.3,6.37,29.82,36.48,5.25,38.2,57.45,11.15,11.4645,87.51911,9.4645,0.0,840.6837,6.156947,142.12495,204,Quetta,4,30,11,5,34.04,33.04
2024-11-30 05:00:00,3,1028.06,10.73,26.39,42.2,3.73,41.17,61.07,8.36,14.1145,69.01649,8.5145,0.0,841.99603,3.8183763,135.0001,392,Quetta,5,30,11,5,38.2,29.15
2024-11-30 06:00:00,3,1121.52,11.73,29.47,53.64,3.55,47.48,67.84,8.49,15.8145,56.048904,7.0645,0.1,842.27014,1.4399999,180.0,538,Quetta,6,30,11,5,41.17,24.81
2024-11-30 07:00:00,2,297.07,1.01,4.2,89.41,1.51,12.22,39.69,1.08,16.7145,44.83297,4.6645,0.1,841.6859,4.2136917,289.9832,575,Quetta,7,30,11,5,47.48,10.15
2024-11-30 08:00:00,2,243.66,0.42,1.93,94.41,1.06,11.01,37.28,0.51,17.0645,41.45969,3.8645,0.1,840.8835,5.7176566,298.1785,591,Quetta,8,30,11,5,12.22,9.73
2024-11-30 09:00:00,2,230.31,0.3,1.48,95.84,0.93,10.36,34.68,0.42,17.0645,40.45108,3.5145001,0.1,839.89124,5.9427266,305.13428,564,Quetta,9,30,11,5,11.01,9.41
2024-11-30 10:00:00,2,236.99,0.34,1.84,95.84,1.06,10.7,35.34,0.56,16.9645,40.13797,3.3145,0.0,839.4239,6.4096174,308.15726,442,Quetta,10,30,11,5,10.36,9.05
2024-11-30 11:00:00,2,273.7,0.5,3.51,92.98,1.3,12.75,41.25,1.03,16.414501,41.56453,3.3145,0.0,838.9609,6.698806,300.69965,296,Quetta,11,30,11,5,10.7,8.46
2024-11-30 12:00:00,2,323.77,0.35,6.51,87.98,1.4,14.86,47.51,1.5,14.5645,52.53594,4.9645,0.0,838.2821,2.8174455,333.43503,135,Quetta,12,30,11,5,12.75,7.78
2024-11-30 13:00:00,3,507.35,0.02,18.34,71.53,2.35,20.52,55.23,4.05,12.6645,56.807415,4.3145,0.0,837.8931,0.71999997,90.0,10,Quetta,13,30,11,5,14.86,13.48
2024-11-30 14:00:00,3,794.41,0.0,33.59,53.64,4.35,32.2,68.45,8.99,11.3645,61.452557,4.2145,0.0,837.6619,2.3051248,141.34016,0,Quetta,14,30,11,5,20.52,27.55
2024-11-30 15:00:00,3,1041.41,0.01,44.55,40.05,6.56,45.32,83.43,14.44,9.9145,69.35737,4.5645,0.0,837.17487,3.1072817,169.99208,0,Quetta,15,30,11,5,32.2,44.21
2024-11-30 16:00:00,4,1148.22,0.01,50.72,33.26,7.87,53.64,92.97,17.99,9.3145,73.991875,4.9145,0.0,836.99927,3.244996,176.82024,0,Quetta,16,30,11,5,45.32,52.66
2024-11-30 17:00:00,4,1161.58,0.01,51.41,31.83,8.58,57.96,97.87,19.76,8.5645,77.29148,4.8145,0.0,836.7365,1.9881649,174.80566,0,Quetta,17,30,11,5,53.64,55.11
2024-11-30 18:00:00,4,1174.93,0.01,51.41,31.11,9.06,60.71,100.85,20.77,8.3645,75.391266,4.2645,0.0,836.4581,1.8089776,174.2895,0,Quetta,18,30,11,5,57.96,54.76
2024-11-30 19:00:00,4,1148.22,0.0,49.35,31.11,8.58,59.61,99.98,19.0,7.9145,76.11208,3.9645,0.0,836.0362,2.1674871,175.23645,0,Quetta,19,30,11,5,60.71,47.7
2024-11-30 20:00:00,4,1068.12,0.0,44.55,33.26,6.68,55.93,95.54,14.57,7.6645,76.876816,3.8645,0.0,835.31744,2.6758924,160.34608,0,Quetta,20,30,11,5,59.61,38.19
2024-11-30 21:00:00,4,947.95,0.0,37.7,37.19,4.41,51.63,89.5,9.12,7.1645,78.98983,3.7645001,0.0,835.11255,3.143565,166.75948,0,Quetta,21,30,11,5,55.93,30.32
2024-11-30 22:00:00,3,867.84,0.0,32.22,39.34,3.58,49.06,86.34,6.9,6.5145,81.724724,3.6145,0.0,834.7378,2.0124612,153.43501,0,Quetta,22,30,11,5,51.63,26.52
2024-11-30 23:00:00,3,821.11,0.0,28.79,41.13,4.05,48.08,85.48,7.92,6.0645,81.95375,3.2145,0.0,834.3954,1.609969,153.43501,0,Quetta,23,30,11,5,49.06,24.74
2024-12-01 00:00:00,3,781.06,0.0,26.05,42.92,4.53,47.05,85.09,8.87,5.8145,82.21116,3.0145001,0.0,834.3325,1.3104197,164.05453,0,Quetta,0,1,12,6,48.08,22.58
